"","subid","subage","experiment","trial","agent","phase","slide","distribution","target1","target2","target3","item_l","item_m","item_r","correctItem","pick","pickPos","pickCat","correct_item","correct_target1","correct_target2","correct_target3","lastInputCat","same_lastInput"
"1","test","test","distribution_kids",1,"Mouse","training","1","c(6, 0, 0)","clothes","vehicles","instruments","skirt","drum","train","skirt","skirt","item_l","clothes",1,NA,NA,NA,NA,NA
"2","test","test","distribution_kids",1,"Mouse","training","2","c(6, 0, 0)","clothes","vehicles","instruments","violin","jacket","bus","jacket","jacket","item_m","clothes",1,NA,NA,NA,NA,NA
"3","test","test","distribution_kids",1,"Mouse","training","3","c(6, 0, 0)","clothes","vehicles","instruments","guitar","shoe","car","shoe","shoe","item_m","clothes",1,NA,NA,NA,NA,NA
"4","test","test","distribution_kids",1,"Mouse","training","4","c(6, 0, 0)","clothes","vehicles","instruments","truck","dress","trumpet","dress","dress","item_m","clothes",1,NA,NA,NA,NA,NA
"5","test","test","distribution_kids",1,"Mouse","training","5","c(6, 0, 0)","clothes","vehicles","instruments","flute","shirt","motorbike","shirt","shirt","item_m","clothes",1,NA,NA,NA,NA,NA
"6","test","test","distribution_kids",1,"Mouse","training","6","c(6, 0, 0)","clothes","vehicles","instruments","piano","airplane","sock","sock","sock","item_r","clothes",1,NA,NA,NA,NA,NA
"7","test","test","distribution_kids",1,"Mouse","test","choice","c(6, 0, 0)","clothes","vehicles","instruments","hat","xylophone","boat",NA,"xylophone","item_m","instruments",NA,0,0,1,"clothes",0
"8","test","test","distribution_kids",2,"Tiger","training","1","c(6, 0, 0)","vehicles","instruments","fruits","airplane","violin","melon","airplane","airplane","item_l","vehicles",1,NA,NA,NA,NA,NA
"9","test","test","distribution_kids",2,"Tiger","training","2","c(6, 0, 0)","vehicles","instruments","fruits","xylophone","truck","strawberry","truck","truck","item_m","vehicles",1,NA,NA,NA,NA,NA
"10","test","test","distribution_kids",2,"Tiger","training","3","c(6, 0, 0)","vehicles","instruments","fruits","piano","apple","train","train","train","item_r","vehicles",1,NA,NA,NA,NA,NA
"11","test","test","distribution_kids",2,"Tiger","training","4","c(6, 0, 0)","vehicles","instruments","fruits","motorbike","banana","trumpet","motorbike","motorbike","item_l","vehicles",1,NA,NA,NA,NA,NA
"12","test","test","distribution_kids",2,"Tiger","training","5","c(6, 0, 0)","vehicles","instruments","fruits","orange","boat","guitar","boat","boat","item_m","vehicles",1,NA,NA,NA,NA,NA
"13","test","test","distribution_kids",2,"Tiger","training","6","c(6, 0, 0)","vehicles","instruments","fruits","bus","flute","cherry","bus","bus","item_l","vehicles",1,NA,NA,NA,NA,NA
"14","test","test","distribution_kids",2,"Tiger","test","choice","c(6, 0, 0)","vehicles","instruments","fruits","drum","pineapple","car",NA,"car","item_r","vehicles",NA,1,0,0,"vehicles",1
"15","test","test","distribution_kids",3,"Frog","training","1","c(6, 0, 0)","instruments","fruits","furniture","banana","piano","table","piano","piano","item_m","instruments",1,NA,NA,NA,NA,NA
"16","test","test","distribution_kids",3,"Frog","training","2","c(6, 0, 0)","instruments","fruits","furniture","orange","trumpet","drawer","trumpet","trumpet","item_m","instruments",1,NA,NA,NA,NA,NA
"17","test","test","distribution_kids",3,"Frog","training","3","c(6, 0, 0)","instruments","fruits","furniture","strawberry","flute","chair","flute","flute","item_m","instruments",1,NA,NA,NA,NA,NA
"18","test","test","distribution_kids",3,"Frog","training","4","c(6, 0, 0)","instruments","fruits","furniture","xylophone","pineapple","closet","xylophone","xylophone","item_l","instruments",1,NA,NA,NA,NA,NA
"19","test","test","distribution_kids",3,"Frog","training","5","c(6, 0, 0)","instruments","fruits","furniture","cherry","violin","sofa","violin","violin","item_m","instruments",1,NA,NA,NA,NA,NA
"20","test","test","distribution_kids",3,"Frog","training","6","c(6, 0, 0)","instruments","fruits","furniture","apple","bed","guitar","guitar","guitar","item_r","instruments",1,NA,NA,NA,NA,NA
"21","test","test","distribution_kids",3,"Frog","test","choice","c(6, 0, 0)","instruments","fruits","furniture","melon","drum","lamp",NA,"drum","item_m","instruments",NA,1,0,0,"instruments",1
"22","test","test","distribution_kids",4,"Bunny","training","1","c(6, 0, 0)","fruits","furniture","mammals","orange","dog","chair","orange","orange","item_l","fruits",1,NA,NA,NA,NA,NA
"23","test","test","distribution_kids",4,"Bunny","training","2","c(6, 0, 0)","fruits","furniture","mammals","lamp","banana","bear","banana","banana","item_m","fruits",1,NA,NA,NA,NA,NA
"24","test","test","distribution_kids",4,"Bunny","training","3","c(6, 0, 0)","fruits","furniture","mammals","stool","horse","melon","melon","melon","item_r","fruits",1,NA,NA,NA,NA,NA
"25","test","test","distribution_kids",4,"Bunny","training","4","c(6, 0, 0)","fruits","furniture","mammals","monkey","strawberry","sofa","strawberry","strawberry","item_m","fruits",1,NA,NA,NA,NA,NA
"26","test","test","distribution_kids",4,"Bunny","training","5","c(6, 0, 0)","fruits","furniture","mammals","elephant","cherry","table","cherry","cherry","item_m","fruits",1,NA,NA,NA,NA,NA
"27","test","test","distribution_kids",4,"Bunny","training","6","c(6, 0, 0)","fruits","furniture","mammals","drawer","cat","pineapple","pineapple","pineapple","item_r","fruits",1,NA,NA,NA,NA,NA
"28","test","test","distribution_kids",4,"Bunny","test","choice","c(6, 0, 0)","fruits","furniture","mammals","bed","cow","apple",NA,"apple","item_r","fruits",NA,1,0,0,"fruits",1
"29","test","test","distribution_kids_simple",1,"Beaver","training","1","c(6, 0, 0)","vehicles","clothes","furniture","jacket","sofa","airplane","airplane","airplane","item_r","vehicles",1,NA,NA,NA,NA,NA
"30","test","test","distribution_kids_simple",1,"Beaver","training","2","c(6, 0, 0)","vehicles","clothes","furniture","sock","drawer","boat","boat","boat","item_r","vehicles",1,NA,NA,NA,NA,NA
"31","test","test","distribution_kids_simple",1,"Beaver","training","3","c(6, 0, 0)","vehicles","clothes","furniture","lamp","shirt","motorbike","motorbike","motorbike","item_r","vehicles",1,NA,NA,NA,NA,NA
"32","test","test","distribution_kids_simple",1,"Beaver","training","4","c(6, 0, 0)","vehicles","clothes","furniture","bus","shoe","bed","bus","bus","item_l","vehicles",1,NA,NA,NA,NA,NA
"33","test","test","distribution_kids_simple",1,"Beaver","training","5","c(6, 0, 0)","vehicles","clothes","furniture","dress","truck","stool","truck","truck","item_m","vehicles",1,NA,NA,NA,NA,NA
"34","test","test","distribution_kids_simple",1,"Beaver","training","6","c(6, 0, 0)","vehicles","clothes","furniture","hat","train","chair","train","train","item_m","vehicles",1,NA,NA,NA,NA,NA
"35","test","test","distribution_kids_simple",1,"Beaver","test","choice","c(6, 0, 0)","vehicles","clothes","furniture","closet","car","skirt",NA,"car","item_m","vehicles",NA,1,0,0,"vehicles",1
"36","test","test","distribution_kids_simple",2,"Sheep","training","1","c(6, 0, 0)","clothes","furniture","fruits","skirt","bed","pineapple","skirt","skirt","item_l","clothes",1,NA,NA,NA,NA,NA
"37","test","test","distribution_kids_simple",2,"Sheep","training","2","c(6, 0, 0)","clothes","furniture","fruits","shoe","apple","closet","shoe","shoe","item_l","clothes",1,NA,NA,NA,NA,NA
"38","test","test","distribution_kids_simple",2,"Sheep","training","3","c(6, 0, 0)","clothes","furniture","fruits","banana","lamp","shirt","shirt","shirt","item_r","clothes",1,NA,NA,NA,NA,NA
"39","test","test","distribution_kids_simple",2,"Sheep","training","4","c(6, 0, 0)","clothes","furniture","fruits","hat","drawer","melon","hat","hat","item_l","clothes",1,NA,NA,NA,NA,NA
"40","test","test","distribution_kids_simple",2,"Sheep","training","5","c(6, 0, 0)","clothes","furniture","fruits","stool","strawberry","dress","dress","dress","item_r","clothes",1,NA,NA,NA,NA,NA
"41","test","test","distribution_kids_simple",2,"Sheep","training","6","c(6, 0, 0)","clothes","furniture","fruits","chair","jacket","orange","jacket","jacket","item_m","clothes",1,NA,NA,NA,NA,NA
"42","test","test","distribution_kids_simple",2,"Sheep","test","choice","c(6, 0, 0)","clothes","furniture","fruits","sock","cherry","table",NA,"sock","item_l","clothes",NA,1,0,0,"clothes",1
"43","test","test","distribution_kids_simple",3,"Frog","training","1","c(6, 0, 0)","furniture","fruits","instruments","closet","guitar","melon","closet","closet","item_l","furniture",1,NA,NA,NA,NA,NA
"44","test","test","distribution_kids_simple",3,"Frog","training","2","c(6, 0, 0)","furniture","fruits","instruments","bed","trumpet","apple","bed","bed","item_l","furniture",1,NA,NA,NA,NA,NA
"45","test","test","distribution_kids_simple",3,"Frog","training","3","c(6, 0, 0)","furniture","fruits","instruments","sofa","xylophone","pineapple","sofa","sofa","item_l","furniture",1,NA,NA,NA,NA,NA
"46","test","test","distribution_kids_simple",3,"Frog","training","4","c(6, 0, 0)","furniture","fruits","instruments","flute","banana","table","table","table","item_r","furniture",1,NA,NA,NA,NA,NA
"47","test","test","distribution_kids_simple",3,"Frog","training","5","c(6, 0, 0)","furniture","fruits","instruments","cherry","violin","stool","stool","stool","item_r","furniture",1,NA,NA,NA,NA,NA
"48","test","test","distribution_kids_simple",3,"Frog","training","6","c(6, 0, 0)","furniture","fruits","instruments","piano","lamp","orange","lamp","lamp","item_m","furniture",1,NA,NA,NA,NA,NA
"49","test","test","distribution_kids_simple",3,"Frog","test","choice","c(6, 0, 0)","furniture","fruits","instruments","strawberry","drum","chair",NA,"chair","item_r","furniture",NA,1,0,0,"furniture",1
"50","test","test","distribution_kids_simple",4,"Mouse","training","1","c(6, 0, 0)","fruits","instruments","mammals","guitar","bear","banana","banana","banana","item_r","fruits",1,NA,NA,NA,NA,NA
"51","test","test","distribution_kids_simple",4,"Mouse","training","2","c(6, 0, 0)","fruits","instruments","mammals","flute","elephant","strawberry","strawberry","strawberry","item_r","fruits",1,NA,NA,NA,NA,NA
"52","test","test","distribution_kids_simple",4,"Mouse","training","3","c(6, 0, 0)","fruits","instruments","mammals","horse","piano","pineapple","pineapple","pineapple","item_r","fruits",1,NA,NA,NA,NA,NA
"53","test","test","distribution_kids_simple",4,"Mouse","training","4","c(6, 0, 0)","fruits","instruments","mammals","cat","cherry","violin","cherry","cherry","item_m","fruits",1,NA,NA,NA,NA,NA
"54","test","test","distribution_kids_simple",4,"Mouse","training","5","c(6, 0, 0)","fruits","instruments","mammals","xylophone","orange","cow","orange","orange","item_m","fruits",1,NA,NA,NA,NA,NA
"55","test","test","distribution_kids_simple",4,"Mouse","training","6","c(6, 0, 0)","fruits","instruments","mammals","melon","monkey","drum","melon","melon","item_l","fruits",1,NA,NA,NA,NA,NA
"56","test","test","distribution_kids_simple",4,"Mouse","test","choice","c(6, 0, 0)","fruits","instruments","mammals","dog","trumpet","apple",NA,"apple","item_r","fruits",NA,1,0,0,"fruits",1
"57","Test","Test","distribution_kids_simple",1,"Bunny","training","1","c(6, 0, 0)","fruits","furniture","mammals","melon","sofa","cat","melon","melon","item_l","fruits",1,NA,NA,NA,NA,NA
"58","Test","Test","distribution_kids_simple",1,"Bunny","training","2","c(6, 0, 0)","fruits","furniture","mammals","drawer","pineapple","cow","pineapple","pineapple","item_m","fruits",1,NA,NA,NA,NA,NA
"59","Test","Test","distribution_kids_simple",1,"Bunny","training","3","c(6, 0, 0)","fruits","furniture","mammals","bear","cherry","chair","cherry","cherry","item_m","fruits",1,NA,NA,NA,NA,NA
"60","Test","Test","distribution_kids_simple",1,"Bunny","training","4","c(6, 0, 0)","fruits","furniture","mammals","apple","bed","horse","apple","apple","item_l","fruits",1,NA,NA,NA,NA,NA
"61","Test","Test","distribution_kids_simple",1,"Bunny","training","5","c(6, 0, 0)","fruits","furniture","mammals","strawberry","monkey","closet","strawberry","strawberry","item_l","fruits",1,NA,NA,NA,NA,NA
"62","Test","Test","distribution_kids_simple",1,"Bunny","training","6","c(6, 0, 0)","fruits","furniture","mammals","lamp","orange","elephant","orange","orange","item_m","fruits",1,NA,NA,NA,NA,NA
"63","Test","Test","distribution_kids_simple",1,"Bunny","test","choice","c(6, 0, 0)","fruits","furniture","mammals","stool","dog","banana",NA,"banana","item_r","fruits",NA,1,0,0,"fruits",1
"64","Test","Test","distribution_kids_simple",2,"Beaver","training","1","c(6, 0, 0)","furniture","mammals","vehicles","truck","cow","lamp","lamp","lamp","item_r","furniture",1,NA,NA,NA,NA,NA
"65","Test","Test","distribution_kids_simple",2,"Beaver","training","2","c(6, 0, 0)","furniture","mammals","vehicles","bus","bear","drawer","drawer","drawer","item_r","furniture",1,NA,NA,NA,NA,NA
"66","Test","Test","distribution_kids_simple",2,"Beaver","training","3","c(6, 0, 0)","furniture","mammals","vehicles","horse","sofa","boat","sofa","sofa","item_m","furniture",1,NA,NA,NA,NA,NA
"67","Test","Test","distribution_kids_simple",2,"Beaver","training","4","c(6, 0, 0)","furniture","mammals","vehicles","monkey","car","stool","stool","stool","item_r","furniture",1,NA,NA,NA,NA,NA
"68","Test","Test","distribution_kids_simple",2,"Beaver","training","5","c(6, 0, 0)","furniture","mammals","vehicles","train","dog","chair","chair","chair","item_r","furniture",1,NA,NA,NA,NA,NA
"69","Test","Test","distribution_kids_simple",2,"Beaver","training","6","c(6, 0, 0)","furniture","mammals","vehicles","closet","cat","airplane","closet","closet","item_l","furniture",1,NA,NA,NA,NA,NA
"70","Test","Test","distribution_kids_simple",2,"Beaver","test","choice","c(6, 0, 0)","furniture","mammals","vehicles","table","elephant","motorbike",NA,"table","item_l","furniture",NA,1,0,0,"furniture",1
"71","Test","Test","distribution_kids_simple",3,"Tiger","training","1","c(6, 0, 0)","mammals","vehicles","instruments","violin","horse","bus","horse","horse","item_m","mammals",1,NA,NA,NA,NA,NA
"72","Test","Test","distribution_kids_simple",3,"Tiger","training","2","c(6, 0, 0)","mammals","vehicles","instruments","airplane","monkey","drum","monkey","monkey","item_m","mammals",1,NA,NA,NA,NA,NA
"73","Test","Test","distribution_kids_simple",3,"Tiger","training","3","c(6, 0, 0)","mammals","vehicles","instruments","elephant","car","trumpet","elephant","elephant","item_l","mammals",1,NA,NA,NA,NA,NA
"74","Test","Test","distribution_kids_simple",3,"Tiger","training","4","c(6, 0, 0)","mammals","vehicles","instruments","xylophone","motorbike","cat","cat","cat","item_r","mammals",1,NA,NA,NA,NA,NA
"75","Test","Test","distribution_kids_simple",3,"Tiger","training","5","c(6, 0, 0)","mammals","vehicles","instruments","cow","guitar","boat","cow","cow","item_l","mammals",1,NA,NA,NA,NA,NA
"76","Test","Test","distribution_kids_simple",3,"Tiger","training","6","c(6, 0, 0)","mammals","vehicles","instruments","piano","truck","bear","bear","bear","item_r","mammals",1,NA,NA,NA,NA,NA
"77","Test","Test","distribution_kids_simple",3,"Tiger","test","choice","c(6, 0, 0)","mammals","vehicles","instruments","train","dog","flute",NA,"dog","item_m","mammals",NA,1,0,0,"mammals",1
"78","Test","Test","distribution_kids_simple",4,"Sheep","training","1","c(6, 0, 0)","vehicles","instruments","clothes","jacket","drum","car","car","car","item_r","vehicles",1,NA,NA,NA,NA,NA
"79","Test","Test","distribution_kids_simple",4,"Sheep","training","2","c(6, 0, 0)","vehicles","instruments","clothes","xylophone","dress","train","train","train","item_r","vehicles",1,NA,NA,NA,NA,NA
"80","Test","Test","distribution_kids_simple",4,"Sheep","training","3","c(6, 0, 0)","vehicles","instruments","clothes","airplane","sock","trumpet","airplane","airplane","item_l","vehicles",1,NA,NA,NA,NA,NA
"81","Test","Test","distribution_kids_simple",4,"Sheep","training","4","c(6, 0, 0)","vehicles","instruments","clothes","shirt","truck","piano","truck","truck","item_m","vehicles",1,NA,NA,NA,NA,NA
"82","Test","Test","distribution_kids_simple",4,"Sheep","training","5","c(6, 0, 0)","vehicles","instruments","clothes","violin","shoe","bus","bus","bus","item_r","vehicles",1,NA,NA,NA,NA,NA
"83","Test","Test","distribution_kids_simple",4,"Sheep","training","6","c(6, 0, 0)","vehicles","instruments","clothes","hat","flute","boat","boat","boat","item_r","vehicles",1,NA,NA,NA,NA,NA
"84","Test","Test","distribution_kids_simple",4,"Sheep","test","choice","c(6, 0, 0)","vehicles","instruments","clothes","guitar","motorbike","skirt",NA,"motorbike","item_m","vehicles",NA,1,0,0,"vehicles",1
"85","Test","Test","distribution_kids_simple",1,"Bunny","training","1","c(6, 0, 0)","fruits","furniture","mammals","melon","sofa","cat","melon","melon","item_l","fruits",1,NA,NA,NA,NA,NA
"86","Test","Test","distribution_kids_simple",1,"Bunny","training","2","c(6, 0, 0)","fruits","furniture","mammals","drawer","pineapple","cow","pineapple","pineapple","item_m","fruits",1,NA,NA,NA,NA,NA
"87","Test","Test","distribution_kids_simple",1,"Bunny","training","3","c(6, 0, 0)","fruits","furniture","mammals","bear","cherry","chair","cherry","cherry","item_m","fruits",1,NA,NA,NA,NA,NA
"88","Test","Test","distribution_kids_simple",1,"Bunny","training","4","c(6, 0, 0)","fruits","furniture","mammals","apple","bed","horse","apple","apple","item_l","fruits",1,NA,NA,NA,NA,NA
"89","Test","Test","distribution_kids_simple",1,"Bunny","training","5","c(6, 0, 0)","fruits","furniture","mammals","strawberry","monkey","closet","strawberry","strawberry","item_l","fruits",1,NA,NA,NA,NA,NA
"90","Test","Test","distribution_kids_simple",1,"Bunny","training","6","c(6, 0, 0)","fruits","furniture","mammals","lamp","orange","elephant","orange","orange","item_m","fruits",1,NA,NA,NA,NA,NA
"91","Test","Test","distribution_kids_simple",1,"Bunny","test","choice","c(6, 0, 0)","fruits","furniture","mammals","stool","dog","banana",NA,"banana","item_r","fruits",NA,1,0,0,"fruits",1
"92","Test","Test","distribution_kids_simple",2,"Beaver","training","1","c(6, 0, 0)","furniture","mammals","vehicles","truck","cow","lamp","lamp","lamp","item_r","furniture",1,NA,NA,NA,NA,NA
"93","Test","Test","distribution_kids_simple",2,"Beaver","training","2","c(6, 0, 0)","furniture","mammals","vehicles","bus","bear","drawer","drawer","drawer","item_r","furniture",1,NA,NA,NA,NA,NA
"94","Test","Test","distribution_kids_simple",2,"Beaver","training","3","c(6, 0, 0)","furniture","mammals","vehicles","horse","sofa","boat","sofa","sofa","item_m","furniture",1,NA,NA,NA,NA,NA
"95","Test","Test","distribution_kids_simple",2,"Beaver","training","4","c(6, 0, 0)","furniture","mammals","vehicles","monkey","car","stool","stool","stool","item_r","furniture",1,NA,NA,NA,NA,NA
"96","Test","Test","distribution_kids_simple",2,"Beaver","training","5","c(6, 0, 0)","furniture","mammals","vehicles","train","dog","chair","chair","chair","item_r","furniture",1,NA,NA,NA,NA,NA
"97","Test","Test","distribution_kids_simple",2,"Beaver","training","6","c(6, 0, 0)","furniture","mammals","vehicles","closet","cat","airplane","closet","closet","item_l","furniture",1,NA,NA,NA,NA,NA
"98","Test","Test","distribution_kids_simple",2,"Beaver","test","choice","c(6, 0, 0)","furniture","mammals","vehicles","table","elephant","motorbike",NA,"table","item_l","furniture",NA,1,0,0,"furniture",1
"99","Test","Test","distribution_kids_simple",3,"Tiger","training","1","c(6, 0, 0)","mammals","vehicles","instruments","violin","horse","bus","horse","horse","item_m","mammals",1,NA,NA,NA,NA,NA
"100","Test","Test","distribution_kids_simple",3,"Tiger","training","2","c(6, 0, 0)","mammals","vehicles","instruments","airplane","monkey","drum","monkey","monkey","item_m","mammals",1,NA,NA,NA,NA,NA
"101","Test","Test","distribution_kids_simple",3,"Tiger","training","3","c(6, 0, 0)","mammals","vehicles","instruments","elephant","car","trumpet","elephant","elephant","item_l","mammals",1,NA,NA,NA,NA,NA
"102","Test","Test","distribution_kids_simple",3,"Tiger","training","4","c(6, 0, 0)","mammals","vehicles","instruments","xylophone","motorbike","cat","cat","cat","item_r","mammals",1,NA,NA,NA,NA,NA
"103","Test","Test","distribution_kids_simple",3,"Tiger","training","5","c(6, 0, 0)","mammals","vehicles","instruments","cow","guitar","boat","cow","cow","item_l","mammals",1,NA,NA,NA,NA,NA
"104","Test","Test","distribution_kids_simple",3,"Tiger","training","6","c(6, 0, 0)","mammals","vehicles","instruments","piano","truck","bear","bear","bear","item_r","mammals",1,NA,NA,NA,NA,NA
"105","Test","Test","distribution_kids_simple",3,"Tiger","test","choice","c(6, 0, 0)","mammals","vehicles","instruments","train","dog","flute",NA,"dog","item_m","mammals",NA,1,0,0,"mammals",1
"106","Test","Test","distribution_kids_simple",4,"Sheep","training","1","c(6, 0, 0)","vehicles","instruments","clothes","jacket","drum","car","car","car","item_r","vehicles",1,NA,NA,NA,NA,NA
"107","Test","Test","distribution_kids_simple",4,"Sheep","training","2","c(6, 0, 0)","vehicles","instruments","clothes","xylophone","dress","train","train","train","item_r","vehicles",1,NA,NA,NA,NA,NA
"108","Test","Test","distribution_kids_simple",4,"Sheep","training","3","c(6, 0, 0)","vehicles","instruments","clothes","airplane","sock","trumpet","airplane","airplane","item_l","vehicles",1,NA,NA,NA,NA,NA
"109","Test","Test","distribution_kids_simple",4,"Sheep","training","4","c(6, 0, 0)","vehicles","instruments","clothes","shirt","truck","piano","truck","truck","item_m","vehicles",1,NA,NA,NA,NA,NA
"110","Test","Test","distribution_kids_simple",4,"Sheep","training","5","c(6, 0, 0)","vehicles","instruments","clothes","violin","shoe","bus","bus","bus","item_r","vehicles",1,NA,NA,NA,NA,NA
"111","Test","Test","distribution_kids_simple",4,"Sheep","training","6","c(6, 0, 0)","vehicles","instruments","clothes","hat","flute","boat","boat","boat","item_r","vehicles",1,NA,NA,NA,NA,NA
"112","Test","Test","distribution_kids_simple",4,"Sheep","test","choice","c(6, 0, 0)","vehicles","instruments","clothes","guitar","motorbike","skirt",NA,"motorbike","item_m","vehicles",NA,1,0,0,"vehicles",1
"113","180831_2","4","distribution_kids_simple",1,"Frog","training","1","c(6, 0, 0)","mammals","fruits","furniture","pineapple","lamp","cat","cat","cat","item_r","mammals",1,NA,NA,NA,NA,NA
"114","180831_2","4","distribution_kids_simple",1,"Frog","training","2","c(6, 0, 0)","mammals","fruits","furniture","drawer","monkey","melon","monkey","monkey","item_m","mammals",1,NA,NA,NA,NA,NA
"115","180831_2","4","distribution_kids_simple",1,"Frog","training","3","c(6, 0, 0)","mammals","fruits","furniture","bed","dog","orange","dog","dog","item_m","mammals",1,NA,NA,NA,NA,NA
"116","180831_2","4","distribution_kids_simple",1,"Frog","training","4","c(6, 0, 0)","mammals","fruits","furniture","cow","strawberry","closet","cow","cow","item_l","mammals",1,NA,NA,NA,NA,NA
"117","180831_2","4","distribution_kids_simple",1,"Frog","training","5","c(6, 0, 0)","mammals","fruits","furniture","horse","cherry","sofa","horse","horse","item_l","mammals",1,NA,NA,NA,NA,NA
"118","180831_2","4","distribution_kids_simple",1,"Frog","training","6","c(6, 0, 0)","mammals","fruits","furniture","apple","elephant","stool","elephant","elephant","item_m","mammals",1,NA,NA,NA,NA,NA
"119","180831_2","4","distribution_kids_simple",1,"Frog","test","choice","c(6, 0, 0)","mammals","fruits","furniture","table","bear","banana",NA,"bear","item_m","mammals",NA,1,0,0,"mammals",1
"120","180831_2","4","distribution_kids_simple",2,"Bunny","training","1","c(6, 0, 0)","fruits","furniture","instruments","guitar","drawer","orange","orange","orange","item_r","fruits",1,NA,NA,NA,NA,NA
"121","180831_2","4","distribution_kids_simple",2,"Bunny","training","2","c(6, 0, 0)","fruits","furniture","instruments","stool","strawberry","xylophone","strawberry","strawberry","item_m","fruits",1,NA,NA,NA,NA,NA
"122","180831_2","4","distribution_kids_simple",2,"Bunny","training","3","c(6, 0, 0)","fruits","furniture","instruments","lamp","melon","piano","melon","melon","item_m","fruits",1,NA,NA,NA,NA,NA
"123","180831_2","4","distribution_kids_simple",2,"Bunny","training","4","c(6, 0, 0)","fruits","furniture","instruments","bed","apple","violin","apple","apple","item_m","fruits",1,NA,NA,NA,NA,NA
"124","180831_2","4","distribution_kids_simple",2,"Bunny","training","5","c(6, 0, 0)","fruits","furniture","instruments","chair","drum","cherry","cherry","cherry","item_r","fruits",1,NA,NA,NA,NA,NA
"125","180831_2","4","distribution_kids_simple",2,"Bunny","training","6","c(6, 0, 0)","fruits","furniture","instruments","flute","pineapple","table","pineapple","pineapple","item_m","fruits",1,NA,NA,NA,NA,NA
"126","180831_2","4","distribution_kids_simple",2,"Bunny","test","choice","c(6, 0, 0)","fruits","furniture","instruments","trumpet","closet","banana",NA,"banana","item_r","fruits",NA,1,0,0,"fruits",1
"127","180831_2","4","distribution_kids_simple",3,"Sheep","training","1","c(6, 0, 0)","furniture","instruments","clothes","stool","shoe","guitar","stool","stool","item_l","furniture",1,NA,NA,NA,NA,NA
"128","180831_2","4","distribution_kids_simple",3,"Sheep","training","2","c(6, 0, 0)","furniture","instruments","clothes","chair","flute","sock","chair","chair","item_l","furniture",1,NA,NA,NA,NA,NA
"129","180831_2","4","distribution_kids_simple",3,"Sheep","training","3","c(6, 0, 0)","furniture","instruments","clothes","drum","dress","sofa","sofa","sofa","item_r","furniture",1,NA,NA,NA,NA,NA
"130","180831_2","4","distribution_kids_simple",3,"Sheep","training","4","c(6, 0, 0)","furniture","instruments","clothes","skirt","closet","piano","closet","closet","item_m","furniture",1,NA,NA,NA,NA,NA
"131","180831_2","4","distribution_kids_simple",3,"Sheep","training","5","c(6, 0, 0)","furniture","instruments","clothes","violin","jacket","bed","bed","bed","item_r","furniture",1,NA,NA,NA,NA,NA
"132","180831_2","4","distribution_kids_simple",3,"Sheep","training","6","c(6, 0, 0)","furniture","instruments","clothes","hat","drawer","xylophone","drawer","drawer","item_m","furniture",1,NA,NA,NA,NA,NA
"133","180831_2","4","distribution_kids_simple",3,"Sheep","test","choice","c(6, 0, 0)","furniture","instruments","clothes","lamp","trumpet","shirt",NA,"trumpet","item_m","instruments",NA,0,1,0,"furniture",0
"134","180831_2","4","distribution_kids_simple",4,"Beaver","training","1","c(6, 0, 0)","instruments","clothes","vehicles","skirt","boat","violin","violin","violin","item_r","instruments",1,NA,NA,NA,NA,NA
"135","180831_2","4","distribution_kids_simple",4,"Beaver","training","2","c(6, 0, 0)","instruments","clothes","vehicles","sock","airplane","xylophone","xylophone","xylophone","item_r","instruments",1,NA,NA,NA,NA,NA
"136","180831_2","4","distribution_kids_simple",4,"Beaver","training","3","c(6, 0, 0)","instruments","clothes","vehicles","dress","motorbike","piano","piano","piano","item_r","instruments",1,NA,NA,NA,NA,NA
"137","180831_2","4","distribution_kids_simple",4,"Beaver","training","4","c(6, 0, 0)","instruments","clothes","vehicles","flute","car","shirt","flute","flute","item_l","instruments",1,NA,NA,NA,NA,NA
"138","180831_2","4","distribution_kids_simple",4,"Beaver","training","5","c(6, 0, 0)","instruments","clothes","vehicles","trumpet","bus","jacket","trumpet","trumpet","item_l","instruments",1,NA,NA,NA,NA,NA
"139","180831_2","4","distribution_kids_simple",4,"Beaver","training","6","c(6, 0, 0)","instruments","clothes","vehicles","truck","guitar","hat","guitar","guitar","item_m","instruments",1,NA,NA,NA,NA,NA
"140","180831_2","4","distribution_kids_simple",4,"Beaver","test","choice","c(6, 0, 0)","instruments","clothes","vehicles","shoe","train","drum",NA,"shoe","item_l","clothes",NA,0,1,0,"instruments",0
"141","180831_03","2","distribution_kids_simple",1,"Sheep","training","1","c(6, 0, 0)","vehicles","mammals","fruits","motorbike","pineapple","bear","motorbike","motorbike","item_l","vehicles",1,NA,NA,NA,NA,NA
"142","180831_03","2","distribution_kids_simple",1,"Sheep","training","2","c(6, 0, 0)","vehicles","mammals","fruits","monkey","bus","strawberry","bus","bus","item_m","vehicles",1,NA,NA,NA,NA,NA
"143","180831_03","2","distribution_kids_simple",1,"Sheep","training","3","c(6, 0, 0)","vehicles","mammals","fruits","train","horse","cherry","train","train","item_l","vehicles",1,NA,NA,NA,NA,NA
"144","180831_03","2","distribution_kids_simple",1,"Sheep","training","4","c(6, 0, 0)","vehicles","mammals","fruits","elephant","truck","banana","truck","truck","item_m","vehicles",1,NA,NA,NA,NA,NA
"145","180831_03","2","distribution_kids_simple",1,"Sheep","training","5","c(6, 0, 0)","vehicles","mammals","fruits","cow","melon","airplane","airplane","airplane","item_r","vehicles",1,NA,NA,NA,NA,NA
"146","180831_03","2","distribution_kids_simple",1,"Sheep","training","6","c(6, 0, 0)","vehicles","mammals","fruits","dog","car","apple","car","car","item_m","vehicles",1,NA,NA,NA,NA,NA
"147","180831_03","2","distribution_kids_simple",1,"Sheep","test","choice","c(6, 0, 0)","vehicles","mammals","fruits","cat","boat","orange",NA,"boat","item_m","vehicles",NA,1,0,0,"vehicles",1
"148","180831_03","2","distribution_kids_simple",2,"Tiger","training","1","c(6, 0, 0)","mammals","fruits","instruments","violin","strawberry","elephant","elephant","elephant","item_r","mammals",1,NA,NA,NA,NA,NA
"149","180831_03","2","distribution_kids_simple",2,"Tiger","training","2","c(6, 0, 0)","mammals","fruits","instruments","cat","pineapple","piano","cat","cat","item_l","mammals",1,NA,NA,NA,NA,NA
"150","180831_03","2","distribution_kids_simple",2,"Tiger","training","3","c(6, 0, 0)","mammals","fruits","instruments","guitar","cherry","dog","dog","dog","item_r","mammals",1,NA,NA,NA,NA,NA
"151","180831_03","2","distribution_kids_simple",2,"Tiger","training","4","c(6, 0, 0)","mammals","fruits","instruments","xylophone","melon","bear","bear","bear","item_r","mammals",1,NA,NA,NA,NA,NA
"152","180831_03","2","distribution_kids_simple",2,"Tiger","training","5","c(6, 0, 0)","mammals","fruits","instruments","horse","orange","drum","horse","horse","item_l","mammals",1,NA,NA,NA,NA,NA
"153","180831_03","2","distribution_kids_simple",2,"Tiger","training","6","c(6, 0, 0)","mammals","fruits","instruments","trumpet","apple","monkey","monkey","monkey","item_r","mammals",1,NA,NA,NA,NA,NA
"154","180831_03","2","distribution_kids_simple",2,"Tiger","test","choice","c(6, 0, 0)","mammals","fruits","instruments","cow","flute","banana",NA,"cow","item_l","mammals",NA,1,0,0,"mammals",1
"155","180831_03","2","distribution_kids_simple",3,"Mouse","training","1","c(6, 0, 0)","fruits","instruments","furniture","trumpet","cherry","chair","cherry","chair","item_r","furniture",0,NA,NA,NA,NA,NA
"156","180831_03","2","distribution_kids_simple",3,"Mouse","training","2","c(6, 0, 0)","fruits","instruments","furniture","guitar","drawer","banana","banana","banana","item_r","fruits",1,NA,NA,NA,NA,NA
"157","180831_03","2","distribution_kids_simple",3,"Mouse","training","3","c(6, 0, 0)","fruits","instruments","furniture","melon","stool","piano","melon","melon","item_l","fruits",1,NA,NA,NA,NA,NA
"158","180831_03","2","distribution_kids_simple",3,"Mouse","training","4","c(6, 0, 0)","fruits","instruments","furniture","sofa","xylophone","strawberry","strawberry","strawberry","item_r","fruits",1,NA,NA,NA,NA,NA
"159","180831_03","2","distribution_kids_simple",3,"Mouse","training","5","c(6, 0, 0)","fruits","instruments","furniture","flute","bed","pineapple","pineapple","pineapple","item_r","fruits",1,NA,NA,NA,NA,NA
"160","180831_03","2","distribution_kids_simple",3,"Mouse","training","6","c(6, 0, 0)","fruits","instruments","furniture","violin","apple","closet","apple","apple","item_m","fruits",1,NA,NA,NA,NA,NA
"161","180831_03","2","distribution_kids_simple",3,"Mouse","test","choice","c(6, 0, 0)","fruits","instruments","furniture","lamp","orange","drum",NA,"lamp","item_l","furniture",NA,0,0,1,"fruits",0
"162","180831_03","2","distribution_kids_simple",4,"Frog","training","1","c(6, 0, 0)","instruments","furniture","clothes","lamp","hat","drum","drum","drum","item_r","instruments",1,NA,NA,NA,NA,NA
"163","180831_03","2","distribution_kids_simple",4,"Frog","training","2","c(6, 0, 0)","instruments","furniture","clothes","trumpet","dress","table","trumpet","trumpet","item_l","instruments",1,NA,NA,NA,NA,NA
"164","180831_03","2","distribution_kids_simple",4,"Frog","training","3","c(6, 0, 0)","instruments","furniture","clothes","flute","chair","shoe","flute","flute","item_l","instruments",1,NA,NA,NA,NA,NA
"165","180831_03","2","distribution_kids_simple",4,"Frog","training","4","c(6, 0, 0)","instruments","furniture","clothes","violin","bed","sock","violin","violin","item_l","instruments",1,NA,NA,NA,NA,NA
"166","180831_03","2","distribution_kids_simple",4,"Frog","training","5","c(6, 0, 0)","instruments","furniture","clothes","shirt","piano","drawer","piano","piano","item_m","instruments",1,NA,NA,NA,NA,NA
"167","180831_03","2","distribution_kids_simple",4,"Frog","training","6","c(6, 0, 0)","instruments","furniture","clothes","xylophone","closet","skirt","xylophone","xylophone","item_l","instruments",1,NA,NA,NA,NA,NA
"168","180831_03","2","distribution_kids_simple",4,"Frog","test","choice","c(6, 0, 0)","instruments","furniture","clothes","jacket","stool","guitar",NA,"guitar","item_r","instruments",NA,1,0,0,"instruments",1
"169","180831_4","3","distribution_kids_simple",1,"Frog","training","1","c(6, 0, 0)","mammals","fruits","clothes","apple","skirt","dog","dog","dog","item_r","mammals",1,NA,NA,NA,NA,NA
"170","180831_4","3","distribution_kids_simple",1,"Frog","training","2","c(6, 0, 0)","mammals","fruits","clothes","monkey","melon","shirt","monkey","monkey","item_l","mammals",1,NA,NA,NA,NA,NA
"171","180831_4","3","distribution_kids_simple",1,"Frog","training","3","c(6, 0, 0)","mammals","fruits","clothes","dress","strawberry","cow","cow","cow","item_r","mammals",1,NA,NA,NA,NA,NA
"172","180831_4","3","distribution_kids_simple",1,"Frog","training","4","c(6, 0, 0)","mammals","fruits","clothes","jacket","horse","pineapple","horse","horse","item_m","mammals",1,NA,NA,NA,NA,NA
"173","180831_4","3","distribution_kids_simple",1,"Frog","training","5","c(6, 0, 0)","mammals","fruits","clothes","shoe","cherry","cat","cat","cat","item_r","mammals",1,NA,NA,NA,NA,NA
"174","180831_4","3","distribution_kids_simple",1,"Frog","training","6","c(6, 0, 0)","mammals","fruits","clothes","bear","sock","orange","bear","bear","item_l","mammals",1,NA,NA,NA,NA,NA
"175","180831_4","3","distribution_kids_simple",1,"Frog","test","choice","c(6, 0, 0)","mammals","fruits","clothes","banana","hat","elephant",NA,"elephant","item_r","mammals",NA,1,0,0,"mammals",1
"176","180831_4","3","distribution_kids_simple",2,"Sheep","training","1","c(6, 0, 0)","fruits","clothes","vehicles","car","apple","dress","apple","apple","item_m","fruits",1,NA,NA,NA,NA,NA
"177","180831_4","3","distribution_kids_simple",2,"Sheep","training","2","c(6, 0, 0)","fruits","clothes","vehicles","melon","sock","train","melon","melon","item_l","fruits",1,NA,NA,NA,NA,NA
"178","180831_4","3","distribution_kids_simple",2,"Sheep","training","3","c(6, 0, 0)","fruits","clothes","vehicles","skirt","orange","bus","orange","orange","item_m","fruits",1,NA,NA,NA,NA,NA
"179","180831_4","3","distribution_kids_simple",2,"Sheep","training","4","c(6, 0, 0)","fruits","clothes","vehicles","truck","strawberry","shoe","strawberry","strawberry","item_m","fruits",1,NA,NA,NA,NA,NA
"180","180831_4","3","distribution_kids_simple",2,"Sheep","training","5","c(6, 0, 0)","fruits","clothes","vehicles","hat","banana","motorbike","banana","banana","item_m","fruits",1,NA,NA,NA,NA,NA
"181","180831_4","3","distribution_kids_simple",2,"Sheep","training","6","c(6, 0, 0)","fruits","clothes","vehicles","shirt","airplane","cherry","cherry","cherry","item_r","fruits",1,NA,NA,NA,NA,NA
"182","180831_4","3","distribution_kids_simple",2,"Sheep","test","choice","c(6, 0, 0)","fruits","clothes","vehicles","boat","pineapple","jacket",NA,"boat","item_l","vehicles",NA,0,0,1,"fruits",0
"183","180831_4","3","distribution_kids_simple",3,"Tiger","training","1","c(6, 0, 0)","clothes","vehicles","furniture","drawer","boat","hat","hat","hat","item_r","clothes",1,NA,NA,NA,NA,NA
"184","180831_4","3","distribution_kids_simple",3,"Tiger","training","2","c(6, 0, 0)","clothes","vehicles","furniture","stool","shirt","train","shirt","train","item_r","vehicles",0,NA,NA,NA,NA,NA
"185","180831_4","3","distribution_kids_simple",3,"Tiger","training","3","c(6, 0, 0)","clothes","vehicles","furniture","car","sofa","skirt","skirt","skirt","item_r","clothes",1,NA,NA,NA,NA,NA
"186","180831_4","3","distribution_kids_simple",3,"Tiger","training","4","c(6, 0, 0)","clothes","vehicles","furniture","sock","bed","bus","sock","sock","item_l","clothes",1,NA,NA,NA,NA,NA
"187","180831_4","3","distribution_kids_simple",3,"Tiger","training","5","c(6, 0, 0)","clothes","vehicles","furniture","table","dress","motorbike","dress","dress","item_m","clothes",1,NA,NA,NA,NA,NA
"188","180831_4","3","distribution_kids_simple",3,"Tiger","training","6","c(6, 0, 0)","clothes","vehicles","furniture","airplane","shoe","chair","shoe","shoe","item_m","clothes",1,NA,NA,NA,NA,NA
"189","180831_4","3","distribution_kids_simple",3,"Tiger","test","choice","c(6, 0, 0)","clothes","vehicles","furniture","truck","lamp","jacket",NA,"lamp","item_m","furniture",NA,0,0,1,"clothes",0
"190","180831_4","3","distribution_kids_simple",4,"Beaver","training","1","c(6, 0, 0)","vehicles","furniture","instruments","violin","closet","boat","boat","boat","item_r","vehicles",1,NA,NA,NA,NA,NA
"191","180831_4","3","distribution_kids_simple",4,"Beaver","training","2","c(6, 0, 0)","vehicles","furniture","instruments","chair","piano","car","car","car","item_r","vehicles",1,NA,NA,NA,NA,NA
"192","180831_4","3","distribution_kids_simple",4,"Beaver","training","3","c(6, 0, 0)","vehicles","furniture","instruments","train","sofa","trumpet","train","train","item_l","vehicles",1,NA,NA,NA,NA,NA
"193","180831_4","3","distribution_kids_simple",4,"Beaver","training","4","c(6, 0, 0)","vehicles","furniture","instruments","guitar","bed","truck","truck","truck","item_r","vehicles",1,NA,NA,NA,NA,NA
"194","180831_4","3","distribution_kids_simple",4,"Beaver","training","5","c(6, 0, 0)","vehicles","furniture","instruments","drum","stool","bus","bus","bus","item_r","vehicles",1,NA,NA,NA,NA,NA
"195","180831_4","3","distribution_kids_simple",4,"Beaver","training","6","c(6, 0, 0)","vehicles","furniture","instruments","motorbike","table","flute","motorbike","motorbike","item_l","vehicles",1,NA,NA,NA,NA,NA
"196","180831_4","3","distribution_kids_simple",4,"Beaver","test","choice","c(6, 0, 0)","vehicles","furniture","instruments","xylophone","airplane","drawer",NA,"xylophone","item_l","instruments",NA,0,0,1,"vehicles",0
"197","180831_5","2","distribution_kids_simple",1,"Mouse","training","1","c(6, 0, 0)","clothes","instruments","furniture","closet","shirt","piano","shirt","shirt","item_m","clothes",1,NA,NA,NA,NA,NA
"198","180831_5","2","distribution_kids_simple",1,"Mouse","training","2","c(6, 0, 0)","clothes","instruments","furniture","flute","shoe","stool","shoe","shoe","item_m","clothes",1,NA,NA,NA,NA,NA
"199","180831_5","2","distribution_kids_simple",1,"Mouse","training","3","c(6, 0, 0)","clothes","instruments","furniture","violin","sock","lamp","sock","sock","item_m","clothes",1,NA,NA,NA,NA,NA
"200","180831_5","2","distribution_kids_simple",1,"Mouse","training","4","c(6, 0, 0)","clothes","instruments","furniture","drum","skirt","sofa","skirt","skirt","item_m","clothes",1,NA,NA,NA,NA,NA
"201","180831_5","2","distribution_kids_simple",1,"Mouse","training","5","c(6, 0, 0)","clothes","instruments","furniture","xylophone","chair","dress","dress","dress","item_r","clothes",1,NA,NA,NA,NA,NA
"202","180831_5","2","distribution_kids_simple",1,"Mouse","training","6","c(6, 0, 0)","clothes","instruments","furniture","trumpet","jacket","bed","jacket","jacket","item_m","clothes",1,NA,NA,NA,NA,NA
"203","180831_5","2","distribution_kids_simple",1,"Mouse","test","choice","c(6, 0, 0)","clothes","instruments","furniture","guitar","drawer","hat",NA,"drawer","item_m","furniture",NA,0,0,1,"clothes",0
"204","180831_5","2","distribution_kids_simple",2,"Sheep","training","1","c(6, 0, 0)","instruments","furniture","vehicles","boat","piano","stool","piano","piano","item_m","instruments",1,NA,NA,NA,NA,NA
"205","180831_5","2","distribution_kids_simple",2,"Sheep","training","2","c(6, 0, 0)","instruments","furniture","vehicles","truck","guitar","drawer","guitar","guitar","item_m","instruments",1,NA,NA,NA,NA,NA
"206","180831_5","2","distribution_kids_simple",2,"Sheep","training","3","c(6, 0, 0)","instruments","furniture","vehicles","car","trumpet","lamp","trumpet","trumpet","item_m","instruments",1,NA,NA,NA,NA,NA
"207","180831_5","2","distribution_kids_simple",2,"Sheep","training","4","c(6, 0, 0)","instruments","furniture","vehicles","train","flute","sofa","flute","flute","item_m","instruments",1,NA,NA,NA,NA,NA
"208","180831_5","2","distribution_kids_simple",2,"Sheep","training","5","c(6, 0, 0)","instruments","furniture","vehicles","table","violin","motorbike","violin","violin","item_m","instruments",1,NA,NA,NA,NA,NA
"209","180831_5","2","distribution_kids_simple",2,"Sheep","training","6","c(6, 0, 0)","instruments","furniture","vehicles","bed","airplane","xylophone","xylophone","xylophone","item_r","instruments",1,NA,NA,NA,NA,NA
"210","180831_5","2","distribution_kids_simple",2,"Sheep","test","choice","c(6, 0, 0)","instruments","furniture","vehicles","chair","drum","bus",NA,"drum","item_m","instruments",NA,1,0,0,"instruments",1
"211","180831_5","2","distribution_kids_simple",3,"Frog","training","1","c(6, 0, 0)","furniture","vehicles","mammals","car","cat","chair","chair","chair","item_r","furniture",1,NA,NA,NA,NA,NA
"212","180831_5","2","distribution_kids_simple",3,"Frog","training","2","c(6, 0, 0)","furniture","vehicles","mammals","airplane","dog","stool","stool","stool","item_r","furniture",1,NA,NA,NA,NA,NA
"213","180831_5","2","distribution_kids_simple",3,"Frog","training","3","c(6, 0, 0)","furniture","vehicles","mammals","sofa","bus","bear","sofa","bear","item_r","mammals",0,NA,NA,NA,NA,NA
"214","180831_5","2","distribution_kids_simple",3,"Frog","training","4","c(6, 0, 0)","furniture","vehicles","mammals","elephant","truck","bed","bed","bed","item_r","furniture",1,NA,NA,NA,NA,NA
"215","180831_5","2","distribution_kids_simple",3,"Frog","training","5","c(6, 0, 0)","furniture","vehicles","mammals","monkey","lamp","motorbike","lamp","lamp","item_m","furniture",1,NA,NA,NA,NA,NA
"216","180831_5","2","distribution_kids_simple",3,"Frog","training","6","c(6, 0, 0)","furniture","vehicles","mammals","boat","cow","drawer","drawer","drawer","item_r","furniture",1,NA,NA,NA,NA,NA
"217","180831_5","2","distribution_kids_simple",3,"Frog","test","choice","c(6, 0, 0)","furniture","vehicles","mammals","train","closet","horse",NA,"horse","item_r","mammals",NA,0,0,1,"furniture",0
"218","180831_5","2","distribution_kids_simple",4,"Bunny","training","1","c(6, 0, 0)","vehicles","mammals","fruits","cherry","truck","dog","truck","truck","item_m","vehicles",1,NA,NA,NA,NA,NA
"219","180831_5","2","distribution_kids_simple",4,"Bunny","training","2","c(6, 0, 0)","vehicles","mammals","fruits","cat","train","melon","train","train","item_m","vehicles",1,NA,NA,NA,NA,NA
"220","180831_5","2","distribution_kids_simple",4,"Bunny","training","3","c(6, 0, 0)","vehicles","mammals","fruits","strawberry","airplane","elephant","airplane","airplane","item_m","vehicles",1,NA,NA,NA,NA,NA
"221","180831_5","2","distribution_kids_simple",4,"Bunny","training","4","c(6, 0, 0)","vehicles","mammals","fruits","horse","bus","pineapple","bus","bus","item_m","vehicles",1,NA,NA,NA,NA,NA
"222","180831_5","2","distribution_kids_simple",4,"Bunny","training","5","c(6, 0, 0)","vehicles","mammals","fruits","boat","apple","monkey","boat","boat","item_l","vehicles",1,NA,NA,NA,NA,NA
"223","180831_5","2","distribution_kids_simple",4,"Bunny","training","6","c(6, 0, 0)","vehicles","mammals","fruits","banana","motorbike","bear","motorbike","bear","item_r","mammals",0,NA,NA,NA,NA,NA
"224","180831_5","2","distribution_kids_simple",4,"Bunny","test","choice","c(6, 0, 0)","vehicles","mammals","fruits","orange","car","cow",NA,"car","item_m","vehicles",NA,1,0,0,"mammals",0
"225","180831_6","3","distribution_kids_simple",1,"Frog","training","1","c(6, 0, 0)","fruits","mammals","furniture","closet","cow","apple","apple","apple","item_r","fruits",1,NA,NA,NA,NA,NA
"226","180831_6","3","distribution_kids_simple",1,"Frog","training","2","c(6, 0, 0)","fruits","mammals","furniture","horse","drawer","strawberry","strawberry","strawberry","item_r","fruits",1,NA,NA,NA,NA,NA
"227","180831_6","3","distribution_kids_simple",1,"Frog","training","3","c(6, 0, 0)","fruits","mammals","furniture","orange","bed","dog","orange","orange","item_l","fruits",1,NA,NA,NA,NA,NA
"228","180831_6","3","distribution_kids_simple",1,"Frog","training","4","c(6, 0, 0)","fruits","mammals","furniture","monkey","pineapple","chair","pineapple","pineapple","item_m","fruits",1,NA,NA,NA,NA,NA
"229","180831_6","3","distribution_kids_simple",1,"Frog","training","5","c(6, 0, 0)","fruits","mammals","furniture","banana","bear","table","banana","banana","item_l","fruits",1,NA,NA,NA,NA,NA
"230","180831_6","3","distribution_kids_simple",1,"Frog","training","6","c(6, 0, 0)","fruits","mammals","furniture","stool","melon","cat","melon","melon","item_m","fruits",1,NA,NA,NA,NA,NA
"231","180831_6","3","distribution_kids_simple",1,"Frog","test","choice","c(6, 0, 0)","fruits","mammals","furniture","sofa","cherry","elephant",NA,"cherry","item_m","fruits",NA,1,0,0,"fruits",1
"232","180831_6","3","distribution_kids_simple",2,"Bunny","training","1","c(6, 0, 0)","mammals","furniture","clothes","dog","table","shoe","dog","dog","item_l","mammals",1,NA,NA,NA,NA,NA
"233","180831_6","3","distribution_kids_simple",2,"Bunny","training","2","c(6, 0, 0)","mammals","furniture","clothes","stool","hat","bear","bear","bear","item_r","mammals",1,NA,NA,NA,NA,NA
"234","180831_6","3","distribution_kids_simple",2,"Bunny","training","3","c(6, 0, 0)","mammals","furniture","clothes","shirt","drawer","cow","cow","cow","item_r","mammals",1,NA,NA,NA,NA,NA
"235","180831_6","3","distribution_kids_simple",2,"Bunny","training","4","c(6, 0, 0)","mammals","furniture","clothes","skirt","horse","lamp","horse","horse","item_m","mammals",1,NA,NA,NA,NA,NA
"236","180831_6","3","distribution_kids_simple",2,"Bunny","training","5","c(6, 0, 0)","mammals","furniture","clothes","sofa","dress","cat","cat","cat","item_r","mammals",1,NA,NA,NA,NA,NA
"237","180831_6","3","distribution_kids_simple",2,"Bunny","training","6","c(6, 0, 0)","mammals","furniture","clothes","elephant","closet","sock","elephant","elephant","item_l","mammals",1,NA,NA,NA,NA,NA
"238","180831_6","3","distribution_kids_simple",2,"Bunny","test","choice","c(6, 0, 0)","mammals","furniture","clothes","chair","jacket","monkey",NA,"monkey","item_r","mammals",NA,1,0,0,"mammals",1
"239","180831_6","3","distribution_kids_simple",3,"Beaver","training","1","c(6, 0, 0)","furniture","clothes","instruments","violin","stool","dress","stool","stool","item_m","furniture",1,NA,NA,NA,NA,NA
"240","180831_6","3","distribution_kids_simple",3,"Beaver","training","2","c(6, 0, 0)","furniture","clothes","instruments","table","piano","sock","table","table","item_l","furniture",1,NA,NA,NA,NA,NA
"241","180831_6","3","distribution_kids_simple",3,"Beaver","training","3","c(6, 0, 0)","furniture","clothes","instruments","guitar","jacket","bed","bed","bed","item_r","furniture",1,NA,NA,NA,NA,NA
"242","180831_6","3","distribution_kids_simple",3,"Beaver","training","4","c(6, 0, 0)","furniture","clothes","instruments","skirt","trumpet","chair","chair","chair","item_r","furniture",1,NA,NA,NA,NA,NA
"243","180831_6","3","distribution_kids_simple",3,"Beaver","training","5","c(6, 0, 0)","furniture","clothes","instruments","hat","flute","closet","closet","closet","item_r","furniture",1,NA,NA,NA,NA,NA
"244","180831_6","3","distribution_kids_simple",3,"Beaver","training","6","c(6, 0, 0)","furniture","clothes","instruments","drum","shirt","drawer","drawer","drawer","item_r","furniture",1,NA,NA,NA,NA,NA
"245","180831_6","3","distribution_kids_simple",3,"Beaver","test","choice","c(6, 0, 0)","furniture","clothes","instruments","sofa","shoe","xylophone",NA,"xylophone","item_r","instruments",NA,0,0,1,"furniture",0
"246","180831_6","3","distribution_kids_simple",4,"Tiger","training","1","c(6, 0, 0)","clothes","instruments","vehicles","violin","airplane","jacket","jacket","jacket","item_r","clothes",1,NA,NA,NA,NA,NA
"247","180831_6","3","distribution_kids_simple",4,"Tiger","training","2","c(6, 0, 0)","clothes","instruments","vehicles","flute","hat","truck","hat","hat","item_m","clothes",1,NA,NA,NA,NA,NA
"248","180831_6","3","distribution_kids_simple",4,"Tiger","training","3","c(6, 0, 0)","clothes","instruments","vehicles","piano","skirt","car","skirt","skirt","item_m","clothes",1,NA,NA,NA,NA,NA
"249","180831_6","3","distribution_kids_simple",4,"Tiger","training","4","c(6, 0, 0)","clothes","instruments","vehicles","shoe","train","guitar","shoe","shoe","item_l","clothes",1,NA,NA,NA,NA,NA
"250","180831_6","3","distribution_kids_simple",4,"Tiger","training","5","c(6, 0, 0)","clothes","instruments","vehicles","boat","sock","trumpet","sock","sock","item_m","clothes",1,NA,NA,NA,NA,NA
"251","180831_6","3","distribution_kids_simple",4,"Tiger","training","6","c(6, 0, 0)","clothes","instruments","vehicles","drum","motorbike","dress","dress","dress","item_r","clothes",1,NA,NA,NA,NA,NA
"252","180831_6","3","distribution_kids_simple",4,"Tiger","test","choice","c(6, 0, 0)","clothes","instruments","vehicles","bus","xylophone","shirt",NA,"shirt","item_r","clothes",NA,1,0,0,"clothes",1
"253","180831_7","3","distribution_kids_simple",1,"Beaver","training","1","c(6, 0, 0)","furniture","clothes","mammals","dog","dress","chair","chair","chair","item_r","furniture",1,NA,NA,NA,NA,NA
"254","180831_7","3","distribution_kids_simple",1,"Beaver","training","2","c(6, 0, 0)","furniture","clothes","mammals","jacket","cow","bed","bed","bed","item_r","furniture",1,NA,NA,NA,NA,NA
"255","180831_7","3","distribution_kids_simple",1,"Beaver","training","3","c(6, 0, 0)","furniture","clothes","mammals","skirt","monkey","sofa","sofa","skirt","item_l","clothes",0,NA,NA,NA,NA,NA
"256","180831_7","3","distribution_kids_simple",1,"Beaver","training","4","c(6, 0, 0)","furniture","clothes","mammals","shirt","closet","horse","closet","closet","item_m","furniture",1,NA,NA,NA,NA,NA
"257","180831_7","3","distribution_kids_simple",1,"Beaver","training","5","c(6, 0, 0)","furniture","clothes","mammals","elephant","hat","table","table","table","item_r","furniture",1,NA,NA,NA,NA,NA
"258","180831_7","3","distribution_kids_simple",1,"Beaver","training","6","c(6, 0, 0)","furniture","clothes","mammals","drawer","bear","sock","drawer","drawer","item_l","furniture",1,NA,NA,NA,NA,NA
"259","180831_7","3","distribution_kids_simple",1,"Beaver","test","choice","c(6, 0, 0)","furniture","clothes","mammals","cat","stool","shoe",NA,"shoe","item_r","clothes",NA,0,1,0,"furniture",0
"260","180831_7","3","distribution_kids_simple",2,"Sheep","training","1","c(6, 0, 0)","clothes","mammals","vehicles","sock","monkey","motorbike","sock","sock","item_l","clothes",1,NA,NA,NA,NA,NA
"261","180831_7","3","distribution_kids_simple",2,"Sheep","training","2","c(6, 0, 0)","clothes","mammals","vehicles","cat","skirt","car","skirt","skirt","item_m","clothes",1,NA,NA,NA,NA,NA
"262","180831_7","3","distribution_kids_simple",2,"Sheep","training","3","c(6, 0, 0)","clothes","mammals","vehicles","shoe","train","elephant","shoe","shoe","item_l","clothes",1,NA,NA,NA,NA,NA
"263","180831_7","3","distribution_kids_simple",2,"Sheep","training","4","c(6, 0, 0)","clothes","mammals","vehicles","horse","boat","hat","hat","hat","item_r","clothes",1,NA,NA,NA,NA,NA
"264","180831_7","3","distribution_kids_simple",2,"Sheep","training","5","c(6, 0, 0)","clothes","mammals","vehicles","dress","truck","bear","dress","dress","item_l","clothes",1,NA,NA,NA,NA,NA
"265","180831_7","3","distribution_kids_simple",2,"Sheep","training","6","c(6, 0, 0)","clothes","mammals","vehicles","shirt","airplane","dog","shirt","shirt","item_l","clothes",1,NA,NA,NA,NA,NA
"266","180831_7","3","distribution_kids_simple",2,"Sheep","test","choice","c(6, 0, 0)","clothes","mammals","vehicles","bus","jacket","cow",NA,"cow","item_r","mammals",NA,0,1,0,"clothes",0
"267","180831_7","3","distribution_kids_simple",3,"Mouse","training","1","c(6, 0, 0)","mammals","vehicles","instruments","elephant","boat","flute","elephant","elephant","item_l","mammals",1,NA,NA,NA,NA,NA
"268","180831_7","3","distribution_kids_simple",3,"Mouse","training","2","c(6, 0, 0)","mammals","vehicles","instruments","trumpet","motorbike","cow","cow","cow","item_r","mammals",1,NA,NA,NA,NA,NA
"269","180831_7","3","distribution_kids_simple",3,"Mouse","training","3","c(6, 0, 0)","mammals","vehicles","instruments","horse","xylophone","train","horse","horse","item_l","mammals",1,NA,NA,NA,NA,NA
"270","180831_7","3","distribution_kids_simple",3,"Mouse","training","4","c(6, 0, 0)","mammals","vehicles","instruments","car","guitar","cat","cat","cat","item_r","mammals",1,NA,NA,NA,NA,NA
"271","180831_7","3","distribution_kids_simple",3,"Mouse","training","5","c(6, 0, 0)","mammals","vehicles","instruments","violin","bus","dog","dog","dog","item_r","mammals",1,NA,NA,NA,NA,NA
"272","180831_7","3","distribution_kids_simple",3,"Mouse","training","6","c(6, 0, 0)","mammals","vehicles","instruments","piano","monkey","airplane","monkey","monkey","item_m","mammals",1,NA,NA,NA,NA,NA
"273","180831_7","3","distribution_kids_simple",3,"Mouse","test","choice","c(6, 0, 0)","mammals","vehicles","instruments","truck","drum","bear",NA,"drum","item_m","instruments",NA,0,0,1,"mammals",0
"274","180831_7","3","distribution_kids_simple",4,"Bunny","training","1","c(6, 0, 0)","vehicles","instruments","fruits","banana","violin","bus","bus","bus","item_r","vehicles",1,NA,NA,NA,NA,NA
"275","180831_7","3","distribution_kids_simple",4,"Bunny","training","2","c(6, 0, 0)","vehicles","instruments","fruits","strawberry","car","xylophone","car","car","item_m","vehicles",1,NA,NA,NA,NA,NA
"276","180831_7","3","distribution_kids_simple",4,"Bunny","training","3","c(6, 0, 0)","vehicles","instruments","fruits","flute","truck","orange","truck","truck","item_m","vehicles",1,NA,NA,NA,NA,NA
"277","180831_7","3","distribution_kids_simple",4,"Bunny","training","4","c(6, 0, 0)","vehicles","instruments","fruits","pineapple","train","trumpet","train","train","item_m","vehicles",1,NA,NA,NA,NA,NA
"278","180831_7","3","distribution_kids_simple",4,"Bunny","training","5","c(6, 0, 0)","vehicles","instruments","fruits","apple","airplane","drum","airplane","airplane","item_m","vehicles",1,NA,NA,NA,NA,NA
"279","180831_7","3","distribution_kids_simple",4,"Bunny","training","6","c(6, 0, 0)","vehicles","instruments","fruits","melon","motorbike","guitar","motorbike","motorbike","item_m","vehicles",1,NA,NA,NA,NA,NA
"280","180831_7","3","distribution_kids_simple",4,"Bunny","test","choice","c(6, 0, 0)","vehicles","instruments","fruits","piano","boat","cherry",NA,"boat","item_m","vehicles",NA,1,0,0,"vehicles",1
"281","180831_8","3","distribution_kids_simple",1,"Sheep","training","1","c(6, 0, 0)","vehicles","fruits","clothes","pineapple","hat","truck","truck","truck","item_r","vehicles",1,NA,NA,NA,NA,NA
"282","180831_8","3","distribution_kids_simple",1,"Sheep","training","2","c(6, 0, 0)","vehicles","fruits","clothes","cherry","sock","motorbike","motorbike","motorbike","item_r","vehicles",1,NA,NA,NA,NA,NA
"283","180831_8","3","distribution_kids_simple",1,"Sheep","training","3","c(6, 0, 0)","vehicles","fruits","clothes","dress","car","banana","car","car","item_m","vehicles",1,NA,NA,NA,NA,NA
"284","180831_8","3","distribution_kids_simple",1,"Sheep","training","4","c(6, 0, 0)","vehicles","fruits","clothes","shirt","train","orange","train","train","item_m","vehicles",1,NA,NA,NA,NA,NA
"285","180831_8","3","distribution_kids_simple",1,"Sheep","training","5","c(6, 0, 0)","vehicles","fruits","clothes","jacket","melon","airplane","airplane","airplane","item_r","vehicles",1,NA,NA,NA,NA,NA
"286","180831_8","3","distribution_kids_simple",1,"Sheep","training","6","c(6, 0, 0)","vehicles","fruits","clothes","bus","shoe","strawberry","bus","bus","item_l","vehicles",1,NA,NA,NA,NA,NA
"287","180831_8","3","distribution_kids_simple",1,"Sheep","test","choice","c(6, 0, 0)","vehicles","fruits","clothes","apple","boat","skirt",NA,"boat","item_m","vehicles",NA,1,0,0,"vehicles",1
"288","180831_8","3","distribution_kids_simple",2,"Bunny","training","1","c(6, 0, 0)","fruits","clothes","mammals","horse","skirt","melon","melon","melon","item_r","fruits",1,NA,NA,NA,NA,NA
"289","180831_8","3","distribution_kids_simple",2,"Bunny","training","2","c(6, 0, 0)","fruits","clothes","mammals","banana","cat","sock","banana","banana","item_l","fruits",1,NA,NA,NA,NA,NA
"290","180831_8","3","distribution_kids_simple",2,"Bunny","training","3","c(6, 0, 0)","fruits","clothes","mammals","pineapple","cow","hat","pineapple","pineapple","item_l","fruits",1,NA,NA,NA,NA,NA
"291","180831_8","3","distribution_kids_simple",2,"Bunny","training","4","c(6, 0, 0)","fruits","clothes","mammals","shoe","orange","monkey","orange","orange","item_m","fruits",1,NA,NA,NA,NA,NA
"292","180831_8","3","distribution_kids_simple",2,"Bunny","training","5","c(6, 0, 0)","fruits","clothes","mammals","elephant","dress","strawberry","strawberry","strawberry","item_r","fruits",1,NA,NA,NA,NA,NA
"293","180831_8","3","distribution_kids_simple",2,"Bunny","training","6","c(6, 0, 0)","fruits","clothes","mammals","shirt","dog","cherry","cherry","cherry","item_r","fruits",1,NA,NA,NA,NA,NA
"294","180831_8","3","distribution_kids_simple",2,"Bunny","test","choice","c(6, 0, 0)","fruits","clothes","mammals","apple","bear","jacket",NA,"apple","item_l","fruits",NA,1,0,0,"fruits",1
"295","180831_8","3","distribution_kids_simple",3,"Beaver","training","1","c(6, 0, 0)","clothes","mammals","instruments","dog","dress","xylophone","dress","dress","item_m","clothes",1,NA,NA,NA,NA,NA
"296","180831_8","3","distribution_kids_simple",3,"Beaver","training","2","c(6, 0, 0)","clothes","mammals","instruments","hat","bear","violin","hat","hat","item_l","clothes",1,NA,NA,NA,NA,NA
"297","180831_8","3","distribution_kids_simple",3,"Beaver","training","3","c(6, 0, 0)","clothes","mammals","instruments","trumpet","cow","jacket","jacket","jacket","item_r","clothes",1,NA,NA,NA,NA,NA
"298","180831_8","3","distribution_kids_simple",3,"Beaver","training","4","c(6, 0, 0)","clothes","mammals","instruments","elephant","guitar","shirt","shirt","shirt","item_r","clothes",1,NA,NA,NA,NA,NA
"299","180831_8","3","distribution_kids_simple",3,"Beaver","training","5","c(6, 0, 0)","clothes","mammals","instruments","shoe","drum","cat","shoe","shoe","item_l","clothes",1,NA,NA,NA,NA,NA
"300","180831_8","3","distribution_kids_simple",3,"Beaver","training","6","c(6, 0, 0)","clothes","mammals","instruments","piano","skirt","monkey","skirt","skirt","item_m","clothes",1,NA,NA,NA,NA,NA
"301","180831_8","3","distribution_kids_simple",3,"Beaver","test","choice","c(6, 0, 0)","clothes","mammals","instruments","sock","horse","flute",NA,"sock","item_l","clothes",NA,1,0,0,"clothes",1
"302","180831_8","3","distribution_kids_simple",4,"Mouse","training","1","c(6, 0, 0)","mammals","instruments","furniture","closet","flute","monkey","monkey","monkey","item_r","mammals",1,NA,NA,NA,NA,NA
"303","180831_8","3","distribution_kids_simple",4,"Mouse","training","2","c(6, 0, 0)","mammals","instruments","furniture","sofa","elephant","trumpet","elephant","elephant","item_m","mammals",1,NA,NA,NA,NA,NA
"304","180831_8","3","distribution_kids_simple",4,"Mouse","training","3","c(6, 0, 0)","mammals","instruments","furniture","chair","drum","horse","horse","horse","item_r","mammals",1,NA,NA,NA,NA,NA
"305","180831_8","3","distribution_kids_simple",4,"Mouse","training","4","c(6, 0, 0)","mammals","instruments","furniture","xylophone","bear","lamp","bear","bear","item_m","mammals",1,NA,NA,NA,NA,NA
"306","180831_8","3","distribution_kids_simple",4,"Mouse","training","5","c(6, 0, 0)","mammals","instruments","furniture","table","piano","cow","cow","cow","item_r","mammals",1,NA,NA,NA,NA,NA
"307","180831_8","3","distribution_kids_simple",4,"Mouse","training","6","c(6, 0, 0)","mammals","instruments","furniture","violin","stool","dog","dog","dog","item_r","mammals",1,NA,NA,NA,NA,NA
"308","180831_8","3","distribution_kids_simple",4,"Mouse","test","choice","c(6, 0, 0)","mammals","instruments","furniture","cat","drawer","guitar",NA,"cat","item_l","mammals",NA,1,0,0,"mammals",1
"309","180831_9","4","distribution_kids_simple",1,"Bunny","training","1","c(6, 0, 0)","mammals","vehicles","furniture","drawer","cow","truck","cow","cow","item_m","mammals",1,NA,NA,NA,NA,NA
"310","180831_9","4","distribution_kids_simple",1,"Bunny","training","2","c(6, 0, 0)","mammals","vehicles","furniture","airplane","dog","chair","dog","dog","item_m","mammals",1,NA,NA,NA,NA,NA
"311","180831_9","4","distribution_kids_simple",1,"Bunny","training","3","c(6, 0, 0)","mammals","vehicles","furniture","monkey","closet","boat","monkey","monkey","item_l","mammals",1,NA,NA,NA,NA,NA
"312","180831_9","4","distribution_kids_simple",1,"Bunny","training","4","c(6, 0, 0)","mammals","vehicles","furniture","motorbike","table","elephant","elephant","elephant","item_r","mammals",1,NA,NA,NA,NA,NA
"313","180831_9","4","distribution_kids_simple",1,"Bunny","training","5","c(6, 0, 0)","mammals","vehicles","furniture","stool","bear","train","bear","bear","item_m","mammals",1,NA,NA,NA,NA,NA
"314","180831_9","4","distribution_kids_simple",1,"Bunny","training","6","c(6, 0, 0)","mammals","vehicles","furniture","cat","car","bed","cat","cat","item_l","mammals",1,NA,NA,NA,NA,NA
"315","180831_9","4","distribution_kids_simple",1,"Bunny","test","choice","c(6, 0, 0)","mammals","vehicles","furniture","horse","sofa","bus",NA,"bus","item_r","vehicles",NA,0,1,0,"mammals",0
"316","180831_9","4","distribution_kids_simple",2,"Beaver","training","1","c(6, 0, 0)","vehicles","furniture","instruments","trumpet","train","drawer","train","train","item_m","vehicles",1,NA,NA,NA,NA,NA
"317","180831_9","4","distribution_kids_simple",2,"Beaver","training","2","c(6, 0, 0)","vehicles","furniture","instruments","bed","bus","guitar","bus","bus","item_m","vehicles",1,NA,NA,NA,NA,NA
"318","180831_9","4","distribution_kids_simple",2,"Beaver","training","3","c(6, 0, 0)","vehicles","furniture","instruments","airplane","drum","lamp","airplane","airplane","item_l","vehicles",1,NA,NA,NA,NA,NA
"319","180831_9","4","distribution_kids_simple",2,"Beaver","training","4","c(6, 0, 0)","vehicles","furniture","instruments","piano","motorbike","closet","motorbike","motorbike","item_m","vehicles",1,NA,NA,NA,NA,NA
"320","180831_9","4","distribution_kids_simple",2,"Beaver","training","5","c(6, 0, 0)","vehicles","furniture","instruments","truck","table","violin","truck","truck","item_l","vehicles",1,NA,NA,NA,NA,NA
"321","180831_9","4","distribution_kids_simple",2,"Beaver","training","6","c(6, 0, 0)","vehicles","furniture","instruments","xylophone","boat","chair","boat","boat","item_m","vehicles",1,NA,NA,NA,NA,NA
"322","180831_9","4","distribution_kids_simple",2,"Beaver","test","choice","c(6, 0, 0)","vehicles","furniture","instruments","sofa","flute","car",NA,"flute","item_m","instruments",NA,0,0,1,"vehicles",0
"323","180831_9","4","distribution_kids_simple",3,"Tiger","training","1","c(6, 0, 0)","furniture","instruments","clothes","stool","jacket","trumpet","stool","stool","item_l","furniture",1,NA,NA,NA,NA,NA
"324","180831_9","4","distribution_kids_simple",3,"Tiger","training","2","c(6, 0, 0)","furniture","instruments","clothes","hat","guitar","table","table","table","item_r","furniture",1,NA,NA,NA,NA,NA
"325","180831_9","4","distribution_kids_simple",3,"Tiger","training","3","c(6, 0, 0)","furniture","instruments","clothes","skirt","violin","chair","chair","chair","item_r","furniture",1,NA,NA,NA,NA,NA
"326","180831_9","4","distribution_kids_simple",3,"Tiger","training","4","c(6, 0, 0)","furniture","instruments","clothes","sofa","sock","flute","sofa","flute","item_r","instruments",0,NA,NA,NA,NA,NA
"327","180831_9","4","distribution_kids_simple",3,"Tiger","training","5","c(6, 0, 0)","furniture","instruments","clothes","shirt","piano","bed","bed","bed","item_r","furniture",1,NA,NA,NA,NA,NA
"328","180831_9","4","distribution_kids_simple",3,"Tiger","training","6","c(6, 0, 0)","furniture","instruments","clothes","drum","dress","lamp","lamp","lamp","item_r","furniture",1,NA,NA,NA,NA,NA
"329","180831_9","4","distribution_kids_simple",3,"Tiger","test","choice","c(6, 0, 0)","furniture","instruments","clothes","xylophone","closet","shoe",NA,"closet","item_m","furniture",NA,1,0,0,"furniture",1
"330","180831_9","4","distribution_kids_simple",4,"Sheep","training","1","c(6, 0, 0)","instruments","clothes","fruits","trumpet","hat","melon","trumpet","trumpet","item_l","instruments",1,NA,NA,NA,NA,NA
"331","180831_9","4","distribution_kids_simple",4,"Sheep","training","2","c(6, 0, 0)","instruments","clothes","fruits","guitar","orange","shoe","guitar","guitar","item_l","instruments",1,NA,NA,NA,NA,NA
"332","180831_9","4","distribution_kids_simple",4,"Sheep","training","3","c(6, 0, 0)","instruments","clothes","fruits","flute","banana","dress","flute","banana","item_m","fruits",0,NA,NA,NA,NA,NA
"333","180831_9","4","distribution_kids_simple",4,"Sheep","training","4","c(6, 0, 0)","instruments","clothes","fruits","violin","apple","skirt","violin","violin","item_l","instruments",1,NA,NA,NA,NA,NA
"334","180831_9","4","distribution_kids_simple",4,"Sheep","training","5","c(6, 0, 0)","instruments","clothes","fruits","shirt","drum","cherry","drum","drum","item_m","instruments",1,NA,NA,NA,NA,NA
"335","180831_9","4","distribution_kids_simple",4,"Sheep","training","6","c(6, 0, 0)","instruments","clothes","fruits","pineapple","sock","piano","piano","piano","item_r","instruments",1,NA,NA,NA,NA,NA
"336","180831_9","4","distribution_kids_simple",4,"Sheep","test","choice","c(6, 0, 0)","instruments","clothes","fruits","xylophone","jacket","strawberry",NA,"jacket","item_m","clothes",NA,0,1,0,"instruments",0
"337","180831_10","3","distribution_kids_simple",1,"Beaver","training","1","c(6, 0, 0)","instruments","fruits","vehicles","violin","truck","banana","violin","violin","item_l","instruments",1,NA,NA,NA,NA,NA
"338","180831_10","3","distribution_kids_simple",1,"Beaver","training","2","c(6, 0, 0)","instruments","fruits","vehicles","melon","trumpet","motorbike","trumpet","trumpet","item_m","instruments",1,NA,NA,NA,NA,NA
"339","180831_10","3","distribution_kids_simple",1,"Beaver","training","3","c(6, 0, 0)","instruments","fruits","vehicles","pineapple","flute","boat","flute","boat","item_r","vehicles",0,NA,NA,NA,NA,NA
"340","180831_10","3","distribution_kids_simple",1,"Beaver","training","4","c(6, 0, 0)","instruments","fruits","vehicles","apple","drum","bus","drum","drum","item_m","instruments",1,NA,NA,NA,NA,NA
"341","180831_10","3","distribution_kids_simple",1,"Beaver","training","5","c(6, 0, 0)","instruments","fruits","vehicles","strawberry","guitar","airplane","guitar","guitar","item_m","instruments",1,NA,NA,NA,NA,NA
"342","180831_10","3","distribution_kids_simple",1,"Beaver","training","6","c(6, 0, 0)","instruments","fruits","vehicles","cherry","train","xylophone","xylophone","xylophone","item_r","instruments",1,NA,NA,NA,NA,NA
"343","180831_10","3","distribution_kids_simple",1,"Beaver","test","choice","c(6, 0, 0)","instruments","fruits","vehicles","car","orange","piano",NA,"orange","item_m","fruits",NA,0,1,0,"instruments",0
"344","180831_10","3","distribution_kids_simple",2,"Mouse","training","1","c(6, 0, 0)","fruits","vehicles","mammals","bear","apple","bus","apple","apple","item_m","fruits",1,NA,NA,NA,NA,NA
"345","180831_10","3","distribution_kids_simple",2,"Mouse","training","2","c(6, 0, 0)","fruits","vehicles","mammals","dog","boat","cherry","cherry","cherry","item_r","fruits",1,NA,NA,NA,NA,NA
"346","180831_10","3","distribution_kids_simple",2,"Mouse","training","3","c(6, 0, 0)","fruits","vehicles","mammals","cow","melon","airplane","melon","melon","item_m","fruits",1,NA,NA,NA,NA,NA
"347","180831_10","3","distribution_kids_simple",2,"Mouse","training","4","c(6, 0, 0)","fruits","vehicles","mammals","train","pineapple","cat","pineapple","pineapple","item_m","fruits",1,NA,NA,NA,NA,NA
"348","180831_10","3","distribution_kids_simple",2,"Mouse","training","5","c(6, 0, 0)","fruits","vehicles","mammals","motorbike","strawberry","monkey","strawberry","strawberry","item_m","fruits",1,NA,NA,NA,NA,NA
"349","180831_10","3","distribution_kids_simple",2,"Mouse","training","6","c(6, 0, 0)","fruits","vehicles","mammals","car","elephant","banana","banana","banana","item_r","fruits",1,NA,NA,NA,NA,NA
"350","180831_10","3","distribution_kids_simple",2,"Mouse","test","choice","c(6, 0, 0)","fruits","vehicles","mammals","orange","truck","horse",NA,"horse","item_r","mammals",NA,0,0,1,"fruits",0
"351","180831_10","3","distribution_kids_simple",3,"Sheep","training","1","c(6, 0, 0)","vehicles","mammals","furniture","motorbike","cat","closet","motorbike","motorbike","item_l","vehicles",1,NA,NA,NA,NA,NA
"352","180831_10","3","distribution_kids_simple",3,"Sheep","training","2","c(6, 0, 0)","vehicles","mammals","furniture","bear","bus","lamp","bus","bus","item_m","vehicles",1,NA,NA,NA,NA,NA
"353","180831_10","3","distribution_kids_simple",3,"Sheep","training","3","c(6, 0, 0)","vehicles","mammals","furniture","table","car","horse","car","car","item_m","vehicles",1,NA,NA,NA,NA,NA
"354","180831_10","3","distribution_kids_simple",3,"Sheep","training","4","c(6, 0, 0)","vehicles","mammals","furniture","drawer","elephant","train","train","train","item_r","vehicles",1,NA,NA,NA,NA,NA
"355","180831_10","3","distribution_kids_simple",3,"Sheep","training","5","c(6, 0, 0)","vehicles","mammals","furniture","dog","truck","stool","truck","truck","item_m","vehicles",1,NA,NA,NA,NA,NA
"356","180831_10","3","distribution_kids_simple",3,"Sheep","training","6","c(6, 0, 0)","vehicles","mammals","furniture","monkey","chair","airplane","airplane","airplane","item_r","vehicles",1,NA,NA,NA,NA,NA
"357","180831_10","3","distribution_kids_simple",3,"Sheep","test","choice","c(6, 0, 0)","vehicles","mammals","furniture","sofa","cow","boat",NA,"cow","item_m","mammals",NA,0,1,0,"vehicles",0
"358","180831_10","3","distribution_kids_simple",4,"Bunny","training","1","c(6, 0, 0)","mammals","furniture","clothes","monkey","sofa","hat","monkey","monkey","item_l","mammals",1,NA,NA,NA,NA,NA
"359","180831_10","3","distribution_kids_simple",4,"Bunny","training","2","c(6, 0, 0)","mammals","furniture","clothes","chair","skirt","dog","dog","dog","item_r","mammals",1,NA,NA,NA,NA,NA
"360","180831_10","3","distribution_kids_simple",4,"Bunny","training","3","c(6, 0, 0)","mammals","furniture","clothes","cat","dress","lamp","cat","cat","item_l","mammals",1,NA,NA,NA,NA,NA
"361","180831_10","3","distribution_kids_simple",4,"Bunny","training","4","c(6, 0, 0)","mammals","furniture","clothes","shoe","horse","bed","horse","horse","item_m","mammals",1,NA,NA,NA,NA,NA
"362","180831_10","3","distribution_kids_simple",4,"Bunny","training","5","c(6, 0, 0)","mammals","furniture","clothes","elephant","sock","table","elephant","elephant","item_l","mammals",1,NA,NA,NA,NA,NA
"363","180831_10","3","distribution_kids_simple",4,"Bunny","training","6","c(6, 0, 0)","mammals","furniture","clothes","shirt","closet","bear","bear","bear","item_r","mammals",1,NA,NA,NA,NA,NA
"364","180831_10","3","distribution_kids_simple",4,"Bunny","test","choice","c(6, 0, 0)","mammals","furniture","clothes","cow","drawer","jacket",NA,"cow","item_l","mammals",NA,1,0,0,"mammals",1
"365","180831_11","3","distribution_kids_simple",1,"Mouse","training","1","c(6, 0, 0)","clothes","mammals","fruits","melon","sock","cow","sock","sock","item_m","clothes",1,NA,NA,NA,NA,NA
"366","180831_11","3","distribution_kids_simple",1,"Mouse","training","2","c(6, 0, 0)","clothes","mammals","fruits","orange","bear","shoe","shoe","shoe","item_r","clothes",1,NA,NA,NA,NA,NA
"367","180831_11","3","distribution_kids_simple",1,"Mouse","training","3","c(6, 0, 0)","clothes","mammals","fruits","shirt","horse","apple","shirt","shirt","item_l","clothes",1,NA,NA,NA,NA,NA
"368","180831_11","3","distribution_kids_simple",1,"Mouse","training","4","c(6, 0, 0)","clothes","mammals","fruits","hat","banana","cat","hat","hat","item_l","clothes",1,NA,NA,NA,NA,NA
"369","180831_11","3","distribution_kids_simple",1,"Mouse","training","5","c(6, 0, 0)","clothes","mammals","fruits","dress","strawberry","dog","dress","dress","item_l","clothes",1,NA,NA,NA,NA,NA
"370","180831_11","3","distribution_kids_simple",1,"Mouse","training","6","c(6, 0, 0)","clothes","mammals","fruits","monkey","cherry","skirt","skirt","skirt","item_r","clothes",1,NA,NA,NA,NA,NA
"371","180831_11","3","distribution_kids_simple",1,"Mouse","test","choice","c(6, 0, 0)","clothes","mammals","fruits","jacket","elephant","pineapple",NA,"elephant","item_m","mammals",NA,0,1,0,"clothes",0
"372","180831_11","3","distribution_kids_simple",2,"Sheep","training","1","c(6, 0, 0)","mammals","fruits","furniture","melon","horse","lamp","horse","horse","item_m","mammals",1,NA,NA,NA,NA,NA
"373","180831_11","3","distribution_kids_simple",2,"Sheep","training","2","c(6, 0, 0)","mammals","fruits","furniture","strawberry","bed","cat","cat","cat","item_r","mammals",1,NA,NA,NA,NA,NA
"374","180831_11","3","distribution_kids_simple",2,"Sheep","training","3","c(6, 0, 0)","mammals","fruits","furniture","dog","banana","chair","dog","dog","item_l","mammals",1,NA,NA,NA,NA,NA
"375","180831_11","3","distribution_kids_simple",2,"Sheep","training","4","c(6, 0, 0)","mammals","fruits","furniture","cherry","drawer","elephant","elephant","elephant","item_r","mammals",1,NA,NA,NA,NA,NA
"376","180831_11","3","distribution_kids_simple",2,"Sheep","training","5","c(6, 0, 0)","mammals","fruits","furniture","cow","apple","stool","cow","cow","item_l","mammals",1,NA,NA,NA,NA,NA
"377","180831_11","3","distribution_kids_simple",2,"Sheep","training","6","c(6, 0, 0)","mammals","fruits","furniture","monkey","orange","sofa","monkey","monkey","item_l","mammals",1,NA,NA,NA,NA,NA
"378","180831_11","3","distribution_kids_simple",2,"Sheep","test","choice","c(6, 0, 0)","mammals","fruits","furniture","bear","pineapple","closet",NA,"pineapple","item_m","fruits",NA,0,1,0,"mammals",0
"379","180831_11","3","distribution_kids_simple",3,"Bunny","training","1","c(6, 0, 0)","fruits","furniture","instruments","drum","stool","strawberry","strawberry","strawberry","item_r","fruits",1,NA,NA,NA,NA,NA
"380","180831_11","3","distribution_kids_simple",3,"Bunny","training","2","c(6, 0, 0)","fruits","furniture","instruments","cherry","sofa","xylophone","cherry","cherry","item_l","fruits",1,NA,NA,NA,NA,NA
"381","180831_11","3","distribution_kids_simple",3,"Bunny","training","3","c(6, 0, 0)","fruits","furniture","instruments","trumpet","melon","drawer","melon","melon","item_m","fruits",1,NA,NA,NA,NA,NA
"382","180831_11","3","distribution_kids_simple",3,"Bunny","training","4","c(6, 0, 0)","fruits","furniture","instruments","closet","piano","banana","banana","banana","item_r","fruits",1,NA,NA,NA,NA,NA
"383","180831_11","3","distribution_kids_simple",3,"Bunny","training","5","c(6, 0, 0)","fruits","furniture","instruments","flute","apple","lamp","apple","apple","item_m","fruits",1,NA,NA,NA,NA,NA
"384","180831_11","3","distribution_kids_simple",3,"Bunny","training","6","c(6, 0, 0)","fruits","furniture","instruments","table","orange","guitar","orange","orange","item_m","fruits",1,NA,NA,NA,NA,NA
"385","180831_11","3","distribution_kids_simple",3,"Bunny","test","choice","c(6, 0, 0)","fruits","furniture","instruments","pineapple","bed","violin",NA,"bed","item_m","furniture",NA,0,1,0,"fruits",0
"386","180831_11","3","distribution_kids_simple",4,"Beaver","training","1","c(6, 0, 0)","furniture","instruments","vehicles","guitar","motorbike","lamp","lamp","lamp","item_r","furniture",1,NA,NA,NA,NA,NA
"387","180831_11","3","distribution_kids_simple",4,"Beaver","training","2","c(6, 0, 0)","furniture","instruments","vehicles","truck","drawer","piano","drawer","drawer","item_m","furniture",1,NA,NA,NA,NA,NA
"388","180831_11","3","distribution_kids_simple",4,"Beaver","training","3","c(6, 0, 0)","furniture","instruments","vehicles","airplane","table","xylophone","table","table","item_m","furniture",1,NA,NA,NA,NA,NA
"389","180831_11","3","distribution_kids_simple",4,"Beaver","training","4","c(6, 0, 0)","furniture","instruments","vehicles","bed","flute","car","bed","bed","item_l","furniture",1,NA,NA,NA,NA,NA
"390","180831_11","3","distribution_kids_simple",4,"Beaver","training","5","c(6, 0, 0)","furniture","instruments","vehicles","drum","train","closet","closet","closet","item_r","furniture",1,NA,NA,NA,NA,NA
"391","180831_11","3","distribution_kids_simple",4,"Beaver","training","6","c(6, 0, 0)","furniture","instruments","vehicles","chair","bus","violin","chair","chair","item_l","furniture",1,NA,NA,NA,NA,NA
"392","180831_11","3","distribution_kids_simple",4,"Beaver","test","choice","c(6, 0, 0)","furniture","instruments","vehicles","boat","trumpet","sofa",NA,"sofa","item_r","furniture",NA,1,0,0,"furniture",1
"393","180831_12","4","distribution_kids_simple",1,"Sheep","training","1","c(6, 0, 0)","vehicles","fruits","instruments","truck","melon","trumpet","truck","truck","item_l","vehicles",1,NA,NA,NA,NA,NA
"394","180831_12","4","distribution_kids_simple",1,"Sheep","training","2","c(6, 0, 0)","vehicles","fruits","instruments","cherry","drum","boat","boat","boat","item_r","vehicles",1,NA,NA,NA,NA,NA
"395","180831_12","4","distribution_kids_simple",1,"Sheep","training","3","c(6, 0, 0)","vehicles","fruits","instruments","flute","apple","motorbike","motorbike","motorbike","item_r","vehicles",1,NA,NA,NA,NA,NA
"396","180831_12","4","distribution_kids_simple",1,"Sheep","training","4","c(6, 0, 0)","vehicles","fruits","instruments","piano","orange","airplane","airplane","airplane","item_r","vehicles",1,NA,NA,NA,NA,NA
"397","180831_12","4","distribution_kids_simple",1,"Sheep","training","5","c(6, 0, 0)","vehicles","fruits","instruments","xylophone","banana","train","train","train","item_r","vehicles",1,NA,NA,NA,NA,NA
"398","180831_12","4","distribution_kids_simple",1,"Sheep","training","6","c(6, 0, 0)","vehicles","fruits","instruments","car","guitar","strawberry","car","strawberry","item_r","fruits",0,NA,NA,NA,NA,NA
"399","180831_12","4","distribution_kids_simple",1,"Sheep","test","choice","c(6, 0, 0)","vehicles","fruits","instruments","bus","violin","pineapple",NA,"violin","item_m","instruments",NA,0,0,1,"fruits",0
"400","180831_12","4","distribution_kids_simple",2,"Bunny","training","1","c(6, 0, 0)","fruits","instruments","furniture","drum","orange","closet","orange","orange","item_m","fruits",1,NA,NA,NA,NA,NA
"401","180831_12","4","distribution_kids_simple",2,"Bunny","training","2","c(6, 0, 0)","fruits","instruments","furniture","trumpet","lamp","apple","apple","apple","item_r","fruits",1,NA,NA,NA,NA,NA
"402","180831_12","4","distribution_kids_simple",2,"Bunny","training","3","c(6, 0, 0)","fruits","instruments","furniture","banana","xylophone","chair","banana","banana","item_l","fruits",1,NA,NA,NA,NA,NA
"403","180831_12","4","distribution_kids_simple",2,"Bunny","training","4","c(6, 0, 0)","fruits","instruments","furniture","piano","bed","strawberry","strawberry","strawberry","item_r","fruits",1,NA,NA,NA,NA,NA
"404","180831_12","4","distribution_kids_simple",2,"Bunny","training","5","c(6, 0, 0)","fruits","instruments","furniture","pineapple","flute","sofa","pineapple","pineapple","item_l","fruits",1,NA,NA,NA,NA,NA
"405","180831_12","4","distribution_kids_simple",2,"Bunny","training","6","c(6, 0, 0)","fruits","instruments","furniture","drawer","cherry","violin","cherry","cherry","item_m","fruits",1,NA,NA,NA,NA,NA
"406","180831_12","4","distribution_kids_simple",2,"Bunny","test","choice","c(6, 0, 0)","fruits","instruments","furniture","guitar","stool","melon",NA,"melon","item_r","fruits",NA,1,0,0,"fruits",1
"407","180831_12","4","distribution_kids_simple",3,"Mouse","training","1","c(6, 0, 0)","instruments","furniture","mammals","cat","trumpet","closet","trumpet","trumpet","item_m","instruments",1,NA,NA,NA,NA,NA
"408","180831_12","4","distribution_kids_simple",3,"Mouse","training","2","c(6, 0, 0)","instruments","furniture","mammals","elephant","lamp","flute","flute","flute","item_r","instruments",1,NA,NA,NA,NA,NA
"409","180831_12","4","distribution_kids_simple",3,"Mouse","training","3","c(6, 0, 0)","instruments","furniture","mammals","stool","bear","violin","violin","violin","item_r","instruments",1,NA,NA,NA,NA,NA
"410","180831_12","4","distribution_kids_simple",3,"Mouse","training","4","c(6, 0, 0)","instruments","furniture","mammals","bed","drum","horse","drum","drum","item_m","instruments",1,NA,NA,NA,NA,NA
"411","180831_12","4","distribution_kids_simple",3,"Mouse","training","5","c(6, 0, 0)","instruments","furniture","mammals","xylophone","cow","sofa","xylophone","xylophone","item_l","instruments",1,NA,NA,NA,NA,NA
"412","180831_12","4","distribution_kids_simple",3,"Mouse","training","6","c(6, 0, 0)","instruments","furniture","mammals","guitar","drawer","dog","guitar","guitar","item_l","instruments",1,NA,NA,NA,NA,NA
"413","180831_12","4","distribution_kids_simple",3,"Mouse","test","choice","c(6, 0, 0)","instruments","furniture","mammals","monkey","chair","piano",NA,"monkey","item_l","mammals",NA,0,0,1,"instruments",0
"414","180831_12","4","distribution_kids_simple",4,"Tiger","training","1","c(6, 0, 0)","furniture","mammals","clothes","jacket","stool","dog","stool","stool","item_m","furniture",1,NA,NA,NA,NA,NA
"415","180831_12","4","distribution_kids_simple",4,"Tiger","training","2","c(6, 0, 0)","furniture","mammals","clothes","hat","cat","closet","closet","closet","item_r","furniture",1,NA,NA,NA,NA,NA
"416","180831_12","4","distribution_kids_simple",4,"Tiger","training","3","c(6, 0, 0)","furniture","mammals","clothes","dress","cow","bed","bed","bed","item_r","furniture",1,NA,NA,NA,NA,NA
"417","180831_12","4","distribution_kids_simple",4,"Tiger","training","4","c(6, 0, 0)","furniture","mammals","clothes","lamp","elephant","sock","lamp","lamp","item_l","furniture",1,NA,NA,NA,NA,NA
"418","180831_12","4","distribution_kids_simple",4,"Tiger","training","5","c(6, 0, 0)","furniture","mammals","clothes","horse","table","shoe","table","table","item_m","furniture",1,NA,NA,NA,NA,NA
"419","180831_12","4","distribution_kids_simple",4,"Tiger","training","6","c(6, 0, 0)","furniture","mammals","clothes","skirt","drawer","monkey","drawer","drawer","item_m","furniture",1,NA,NA,NA,NA,NA
"420","180831_12","4","distribution_kids_simple",4,"Tiger","test","choice","c(6, 0, 0)","furniture","mammals","clothes","sofa","shirt","bear",NA,"shirt","item_m","clothes",NA,0,0,1,"furniture",0
